{"cameraMode":{"drawMode":0,"name":"Shaded","section":"Shading Mode"},"sceneLighting":true,"audioPlay":false,"sceneViewState":{"m_AlwaysRefresh":false,"showFog":true,"showSkybox":false,"showFlares":true,"showImageEffects":true,"showParticleSystems":true,"showVisualEffectGraphs":true,"m_FxEnabled":true},"in2DMode":false,"pivot":{"x":-0.5350003242492676,"y":1.8635001182556153,"z":-1.5199999809265137},"rotation":{"x":-0.07668593525886536,"y":-0.5785149931907654,"z":0.05554679036140442,"w":-0.8103825449943543},"size":11.486959457397461,"orthographic":false}