{"cameraMode":{"drawMode":0,"name":"Shaded","section":"Shading Mode"},"sceneLighting":false,"audioPlay":false,"sceneViewState":{"m_AlwaysRefresh":false,"showFog":true,"showSkybox":false,"showFlares":true,"showImageEffects":true,"showParticleSystems":true,"showVisualEffectGraphs":true,"m_FxEnabled":true},"in2DMode":false,"pivot":{"x":0.0771760642528534,"y":0.22327052056789399,"z":0.010519340634346009},"rotation":{"x":-0.04766806587576866,"y":-0.9513545632362366,"z":0.23528431355953217,"w":-0.19353333115577699},"size":0.47282227873802187,"orthographic":false}