{"cameraMode":{"drawMode":0,"name":"Shaded","section":"Shading Mode"},"sceneLighting":false,"audioPlay":false,"sceneViewState":{"m_AlwaysRefresh":false,"showFog":true,"showSkybox":false,"showFlares":true,"showImageEffects":true,"showParticleSystems":true,"showVisualEffectGraphs":true,"m_FxEnabled":true},"in2DMode":false,"pivot":{"x":0.19402039051055909,"y":5.335144519805908,"z":0.3984394073486328},"rotation":{"x":0.034552089869976047,"y":-0.9589077234268189,"z":0.2487258017063141,"w":0.13260293006896974},"size":5.558959484100342,"orthographic":false}