{"cameraMode":{"drawMode":0,"name":"Shaded","section":"Shading Mode"},"sceneLighting":false,"audioPlay":false,"sceneViewState":{"m_AlwaysRefresh":false,"showFog":true,"showSkybox":false,"showFlares":true,"showImageEffects":true,"showParticleSystems":true,"showVisualEffectGraphs":true,"m_FxEnabled":true},"in2DMode":false,"pivot":{"x":0.19518586993217469,"y":4.1121063232421879,"z":1.347885251045227},"rotation":{"x":0.23172594606876374,"y":-0.09321920573711395,"z":0.02210148051381111,"w":0.9681405425071716},"size":5.086106777191162,"orthographic":false}